model,accuracy,macro_f1,precision_macro,recall_macro
DecisionTree,0.5802,0.3286920665580046,0.32950320668441024,0.32911895889743975
GradBoost,0.7512,0.28597533120146185,0.2504,0.3333333333333333
RandomForest,0.75065,0.28586389428386455,0.2503668867987459,0.33308927937522187
k-NN,0.33135,0.2654016845396782,0.33427818692659894,0.335383407984388
LogReg,0.3141,0.2568998081455493,0.3315650039703702,0.3367824818064866
